{
    "Name": "SPAM BOT",
    "Description": "gg ez",
    "Version": "1.0.0",
    "LoadPriority": "0",
    "ConVars": [
        {
            "Name": "sb_enabled",
            "DefaultValue": "1"
        },
        {
            "Name": "sb_msg",
            "DefaultValue": "talks"
        },
        {
            "Name": "sb_rate",
            "DefaultValue" : "1.9"
        }
    ],
    "Scripts": [
        {
            "Path": "sb.gnut",
            "RunOn": "MP",
            "ClientCallback": {
                "After": "sb_Init"
            }
        },
        {
            "Path": "sb_menu.gnut",
            "RunOn": "UI",
            "UICallback": {
                "After": "sb_menu_Init"
            }
        }
    ]
}