{
    "Name": "Chat Utility Mod",
    "Description": "Configurable utility mod for in-game chat\n\nMade by TimeIsUnending",
    "Version": "1.5.0",

    "LoadPriority": "0",
    "ConVars": [
        {
            "Name": "cum_kill_msgs_enabled",
            "DefaultValue": "0"
        },
        {
            "Name": "cum_kill_msgs_shape_enabled",
            "DefaultValue": "0"
        },
        {
            "Name": "cum_kill_msgs_shape",
            "DefaultValue": "0"
        },
        {
            "Name": "cum_kill_msgs_mode",
            "DefaultValue": "0"
        },
        {
            "Name": "cum_death_msgs_enabled",
            "DefaultValue": "0"
        },
        {
            "Name": "cum_death_msgs_shape_enabled",
            "DefaultValue": "0"
        },
        {
            "Name": "cum_death_msgs_shape",
            "DefaultValue": "0"
        },
        {
            "Name": "cum_suicide_msgs_enabled",
            "DefaultValue": "0"
        },
        {
            "Name": "cum_suicide_msgs_shape_enabled",
            "DefaultValue": "0"
        },
        {
            "Name": "cum_suicide_msgs_shape",
            "DefaultValue": "0"
        },
        {
            "Name": "cum_msgs_splitter",
            "DefaultValue": "|"
        },
        {
            "Name": "cum_shapes_spacing_time",
            "DefaultValue": "0.6"
        },
        {
            "Name": "cum_victim_name_proxy",
            "DefaultValue": "@vn"
        },
        {
            "Name": "cum_attacker_name_proxy",
            "DefaultValue": "@an"
        },
        {
            "Name": "cum_kill_msgs",
            "DefaultValue": "my nuts itch @vn|your mother @vn|testicular cancer @vn|the veins in my ballsack are tangled @vn|smegma @vn|cock cheese @vn|there's a rash on my penis @vn|I kidnap autistic kids @vn|fortnite balls, I'm gay @vn|cum dried in my urethra and I can't pee now @vn please help|my balls have swollen to the size of melons @vn|I unraveled my foreskin and found a leech @vn please help|I got my foreskin stuck in my zipper @vn please help|My urethra is bleeding profusely @vn please help|my boifriend(@vn) came in my boipussy and got me boipegnart ^_^|smegma is just a tasty snack for later @vn|I'm EDP's cupcake, @vn cheated|@vn laugh my ass off, dick cheese|@vn yeah, yeah, baby balls|@vn Cheese sandwich balls, yeah, yeah|@vn fortnite piss, amogus caca|@vn bruh, monkey balls want fortnite cards|@vn my balls are big (facts)|@vn my tip is sticky|I pissed in McDonald's sprite @vn|@vn my penis the biggest in the room|@vn Dream faked his speedruns|White liquid came out my cock last night @vn please send help|@vn Minecraft sex?|*shits down @vn's throat aggressively*|*cums on @vn*|*sucks @vn's ass dry*|*pisses in @vn's belly button cutely*|*cuts off @vn's dick cutely*|*Unravels @vn's foreskin to reveal their cock cheese*|*pisses in @vn's eye aggressively*|*bites off @vn's foreskin cutely*|sticks dick in @vn's ear*|*vomits in @vn's hair and eats it*"
        },
        {
            "Name": "cum_death_msgs",
            "DefaultValue": "Default Death Message"
        },
        {
            "Name": "cum_suicide_msgs",
            "DefaultValue": "Default Suicide Message"
        },
        {
            "Name": "cum_msg_delay",
            "DefaultValue": "0.0"
        },
        {
            "Name": "cum_responder_enabled",
            "DefaultValue": "0"
        },
        {
            "Name": "cum_responder_msgs",
            "DefaultValue": "^^^ this person is a pedophile!|^^^ this person is a tranny! (therefore a pedophile!)|^^^ this person likes touching little boys (they're gay, and a pedophile!)|^^^ this person thinks a square root is a vegtable!|^^^ this person thinks polygons turn into frogs!"
        },
        {
            "Name": "cum_responder_msgs_mode",
            "DefaultValue": "0"
        },
        {
            "Name": "cum_responder_sender_name_proxy",
            "DefaultValue": "@sn"
        },
        {
            "Name": "cum_responder_msg_contains",
            "DefaultValue": ""
        },
        {
            "Name": "cum_responder_team",
            "DefaultValue": "0"
        },
        {
            "Name": "cum_responder_whitelist",
            "DefaultValue": ""
        },
        {
            "Name": "cum_responder_self_reply",
            "DefaultValue": "0"
        },
        {
            "Name": "cum_typing_delay_enabled",
            "DefaultValue": "0"
        },
        {
            "Name": "cum_typing_speed",
            "DefaultValue": "2.5"
        },
        {
            "Name": "cum_responder_reading_that_enabled",
            "DefaultValue": "0"
        },
        {
            "Name": "cum_responder_reading_that_length",
            "DefaultValue": "45"
        },
        {
            "Name": "cum_responder_reading_that_msg",
            "DefaultValue": "I ain't readin allat"
        }
    ],
    "Scripts": [
        {
            "Path": "_custom_codecallbacks_client.gnut",
            "RunOn": "CLIENT"
        },
        {
            "Path": "client/cl_chat.gnut",
            "RunOn": "CLIENT"
        },
        {
            "Path": "cum.gnut",
            "RunOn": "CLIENT && MP",
            "ClientCallback": {
                "Before": "cum_Init"
            }
        }
    ]
}