{
    "Name": "Anti Idle Kick Premium",
    "Description": "Prevents you from being kicked from matches for being idle/afk in a configurable way.",
    "Version": "0.0.0",
    "LoadPriority": "0",

    "ConVars": [
        {
            "Name": "aik_enabled",
            "DefaultValue": "1"
        },
        {
            "Name": "aik_idle_time",
            "DefaultValue": "15"
        },
        {
            "Name": "aik_auto_respawn",
            "DefaultValue": "1"
        },
        {
            "Name": "aik_pattern",
            "DefaultValue": "A,D"
        },
        {
            "Name": "aik_move_time",
            "DefaultValue": "0.5"
        },
        {
            "Name": "aik_strafe_time",
            "DefaultValue": "0.5"
        },
        {
            "Name": "aik_jump_time",
            "DefaultValue": "0.25"
        },
        {
            "Name": "aik_turn_time",
            "DefaultValue": "0.25"
        },
        {
            "Name": "aik_blank_time",
            "DefaultValue": "0.25"
        },
        {
            "Name": "aik_turn_speed",
            "DefaultValue": "600"
        }
    ],
    "Scripts": [
        {
            "Path": "aik.gnut",
            "RunOn": "CLIENT && MP",
            "ClientCallback": {
                "After": "AIK_Init"
            }
        }
    ]

}