{
    "Name": "Auto Matchmaking Mod",
    "Description": "A mod for Titanfall 2 that makes matchmaking a lot easier.",
    "Version": "1.1.0",
    "LoadPriority": "0",
    "ConVars": [
        {
            "Name": "am_enabled",
            "DefaultValue": "1"
        },
        {
            "Name": "am_matchmaking",
            "DefaultValue": "1"
        }
    ],
    "Scripts": [
        {
            "Path": "am.gnut",
            "RunOn": "LOBBY",
            "ClientCallback": {
                "After": "AM_Init"
            }
        }
    ]
}